{
    "training_date": "2026-01-10 15:23:34",
    "total_episodes": 9,
    "best_reward_per_step": 48.08270373047174,
    "best_episode": 3,
    "final_avg_reward_per_step": -0.4085093140602112,
    "final_avg_total_reward": -654.5317993164062,
    "buffer_statistics": {
        "size": 15001,
        "avg_reward": -0.013413656502962112,
        "std_reward": 21.3222599029541,
        "min_reward": -33.305931091308594,
        "max_reward": 551.591064453125,
        "high_priority_fraction": 0.0
    },
    "hyperparameters": {
        "gamma": 0.99,
        "tau": 0.005,
        "initial_alpha": 0.2,
        "final_alpha": 0.2511673867702484,
        "auto_entropy_tuning": true
    }
}